filename,primary_label
synthetic_train_audio/bafcur1/73cf773283464da08df93ce96f7ff318.wav,bafcur1
synthetic_train_audio/bafcur1/019f5c20a2a54a21b7e6eb139c045b9c.wav,bafcur1
synthetic_train_audio/bafcur1/1b27299bf37b494cb83c97ae91a2cd75.wav,bafcur1
synthetic_train_audio/bafcur1/4a8a6723d27e4c3fb60a2c5bbe74aa0d.wav,bafcur1
synthetic_train_audio/bafcur1/f0699aa1498e4b7a9bf3045aa3b47224.wav,bafcur1
synthetic_train_audio/bafcur1/be35336cca5148bbbe888b66721e6aea.wav,bafcur1
synthetic_train_audio/bafcur1/3ce39e91ac5e4b2bbe17857ef43e10e7.wav,bafcur1
synthetic_train_audio/bafcur1/79619143c8004b0eb3f51d1354fcd034.wav,bafcur1
synthetic_train_audio/bcwfin2/5ba8dd362cb845679ad28798bfa3367f.wav,bcwfin2
synthetic_train_audio/bcwfin2/36615a06bcc243e4823da4926ca1f140.wav,bcwfin2
synthetic_train_audio/bcwfin2/6c636f3fa77b4ff0801fe40661991d33.wav,bcwfin2
synthetic_train_audio/bcwfin2/acb18a873b6e44d5908cfcc9d245e13b.wav,bcwfin2
synthetic_train_audio/bcwfin2/0e1090fa396a49c58f09253958f25369.wav,bcwfin2
synthetic_train_audio/blchaw1/f55f914d30dc401c9a537b794787c629.wav,blchaw1
synthetic_train_audio/blchaw1/303f85b531de4868b947283f69b18751.wav,blchaw1
synthetic_train_audio/blchaw1/aef7383b1e2449e88853b0ac2504a7d7.wav,blchaw1
synthetic_train_audio/blchaw1/002f4358c5644cab976dff4ad60300f4.wav,blchaw1
synthetic_train_audio/cibspi1/5b9407970f6a4699960af2c4fca6c85c.wav,cibspi1
synthetic_train_audio/cibspi1/df45018bdb504452964597f681268463.wav,cibspi1
synthetic_train_audio/cibspi1/ab27e7b7b7c74763965f286af8af624d.wav,cibspi1
synthetic_train_audio/cibspi1/cb347e57d7874a48b6697f163f2c7fbc.wav,cibspi1
synthetic_train_audio/cibspi1/8aa9715191524d519ef71290052d5f14.wav,cibspi1
synthetic_train_audio/cibspi1/744ffc4cd2b04b46aa2b067a72da12ff.wav,cibspi1
synthetic_train_audio/cibspi1/934d32a7b3364216aabf3ef0b0839809.wav,cibspi1
synthetic_train_audio/cibspi1/15631ec87c4440058d38b3cc46321ead.wav,cibspi1
synthetic_train_audio/cibspi1/3cd1c7ca1dec4bdbb62aee58b44fd951.wav,cibspi1
synthetic_train_audio/cibspi1/9ffe48805ef3451fad26c6b4c668fd49.wav,cibspi1
synthetic_train_audio/cibspi1/af07b30e8a81484aad53720e8e1c9d6d.wav,cibspi1
synthetic_train_audio/cibspi1/0490396ca9b24a0d896f7121d6859118.wav,cibspi1
synthetic_train_audio/cibspi1/67fe070fee444e50b74946b87fe28787.wav,cibspi1
synthetic_train_audio/cibspi1/15fb490f639443ec85e109414015431e.wav,cibspi1
synthetic_train_audio/cibspi1/6e9540bd272c4048a307c4765498aea4.wav,cibspi1
synthetic_train_audio/cibspi1/2ab37b5711ea4f56a3df9cc91e39c79f.wav,cibspi1
synthetic_train_audio/cibspi1/e2376691298b4a2aa25b32aae2811a9f.wav,cibspi1
synthetic_train_audio/dwatin1/2234af6a2e584fb2ab794f0e9c9a1c6f.wav,dwatin1
synthetic_train_audio/dwatin1/991cecb92e6141f780747311878059a7.wav,dwatin1
synthetic_train_audio/dwatin1/6bdd6b25ec654f849a7d9f68041cddb2.wav,dwatin1
synthetic_train_audio/dwatin1/a6f98f0dfa3c4652864661917782bfd7.wav,dwatin1
synthetic_train_audio/dwatin1/7515a9112d7440ee851a30da9429e29e.wav,dwatin1
synthetic_train_audio/dwatin1/334e1b3ad97542c7baf0306c28ac6325.wav,dwatin1
synthetic_train_audio/dwatin1/73aad034968b4ad5973662bad762e09a.wav,dwatin1
synthetic_train_audio/dwatin1/39b57ecf40c84719880b226617379c03.wav,dwatin1
synthetic_train_audio/dwatin1/0c80cdd2fa3749ffac1b52713fa6d931.wav,dwatin1
synthetic_train_audio/dwatin1/60a4c62b1d53443eb75ee434262db958.wav,dwatin1
synthetic_train_audio/dwatin1/d156ed5f9f0d44bb8d00f47ee790060b.wav,dwatin1
synthetic_train_audio/dwatin1/a9486df5a9a945adaa3642dcbd99de95.wav,dwatin1
synthetic_train_audio/dwatin1/017bacd179a64f4dba2e84d3fef15c89.wav,dwatin1
synthetic_train_audio/dwatin1/c20a46c4f62b4e20a31fd8dbab8c84ae.wav,dwatin1
synthetic_train_audio/dwatin1/8335c8d75e6d42cb9589ac14d9e0f8bb.wav,dwatin1
synthetic_train_audio/dwatin1/71c9778f24df45d08e865f0a9454a601.wav,dwatin1
synthetic_train_audio/dwatin1/bb461b55dcae47d5acfe9410a7ad8bb5.wav,dwatin1
synthetic_train_audio/dwatin1/a9acb01879f249e7ae4a60b417532035.wav,dwatin1
synthetic_train_audio/dwatin1/7f41b45d854941a7b22fc912c4ee486c.wav,dwatin1
synthetic_train_audio/dwatin1/b823e673a1bf4c3e8b799df0f2340664.wav,dwatin1
synthetic_train_audio/dwatin1/05c4cbce63a349d8b6127f31f88f13a6.wav,dwatin1
synthetic_train_audio/dwatin1/fd78f3d62afb4b89b8c394ec90439169.wav,dwatin1
synthetic_train_audio/dwatin1/b601c3eded67449a9a0950fd77e2a38c.wav,dwatin1
synthetic_train_audio/dwatin1/8a9f341a40094268a3b53ff41fb98fac.wav,dwatin1
synthetic_train_audio/dwatin1/0daddc2fcaa24951bfb6cb2bae4fddb2.wav,dwatin1
synthetic_train_audio/dwatin1/591d0fbeb8b04157acde73b1ef6e1fb2.wav,dwatin1
synthetic_train_audio/dwatin1/4025b94fe4f144e8abdbc95ee846bee5.wav,dwatin1
synthetic_train_audio/dwatin1/a0cd2c8e760b4e958ee2ed39b7dea1bf.wav,dwatin1
synthetic_train_audio/dwatin1/6e8f33fa90b7485ab39ccb36c624e9be.wav,dwatin1
synthetic_train_audio/dwatin1/08d6859a21f04c27a3efa43ff4297a0e.wav,dwatin1
synthetic_train_audio/dwatin1/25df09d8a94e458ba428eb99a84ba861.wav,dwatin1
synthetic_train_audio/dwatin1/d8b266f636744324a33a323454b8cea7.wav,dwatin1
synthetic_train_audio/lesgrf1/df5f41d9e76c424996e2783792723428.wav,lesgrf1
synthetic_train_audio/lesgrf1/3dfab0c7c4604e98b76fe01d2220b4c9.wav,lesgrf1
synthetic_train_audio/lesgrf1/75e062f568904bf5aee99999e244b74e.wav,lesgrf1
synthetic_train_audio/lesgrf1/c04e197544e149da9b5e0df42501878f.wav,lesgrf1
synthetic_train_audio/lesgrf1/c731b8b41d0b428ba3c2a27b436f29c9.wav,lesgrf1
synthetic_train_audio/lesgrf1/90f36ba912e4462cbfb9ab23275732dd.wav,lesgrf1
synthetic_train_audio/lesgrf1/2932361cd3434ce5bff12ce52adcbf90.wav,lesgrf1
synthetic_train_audio/lesgrf1/660c53c4ff4d466187827e707769b22e.wav,lesgrf1
synthetic_train_audio/lesgrf1/972f809cd5f7495db78e75b2b1d9ee8b.wav,lesgrf1
synthetic_train_audio/lesgrf1/40596082a3fe4480b3a2a4fda4f798d8.wav,lesgrf1
synthetic_train_audio/lesgrf1/37dcbf99224642d7a0fe423c08aa1d53.wav,lesgrf1
synthetic_train_audio/lesgrf1/8b855c8a755941b489bf747dc49f9a41.wav,lesgrf1
synthetic_train_audio/lesgrf1/d398c0dbf9d140b68fac588a6a2f6743.wav,lesgrf1
synthetic_train_audio/lesgrf1/11f05782e33544cb93fd366658ea0029.wav,lesgrf1
synthetic_train_audio/lesgrf1/d43d2f64b90047a9ac560cc25efbb4be.wav,lesgrf1
synthetic_train_audio/lesgrf1/819b2218d61842aa9d562882567bfba8.wav,lesgrf1
synthetic_train_audio/lesgrf1/75c3baaac44f4a04b5ce04011f62c09c.wav,lesgrf1
synthetic_train_audio/lesgrf1/193ea98713454606b3f3cee8a65cedcf.wav,lesgrf1
synthetic_train_audio/lesgrf1/0df0e2bf79954e889a0db1ab94f84a7d.wav,lesgrf1
synthetic_train_audio/lesgrf1/97dcee3f14544d6080e8269481816dc3.wav,lesgrf1
synthetic_train_audio/lesgrf1/bc39b84c8c204dddaa164bf29e3cb499.wav,lesgrf1
synthetic_train_audio/lesgrf1/f3afa2ba35104674a0d8a06a26fb3adc.wav,lesgrf1
synthetic_train_audio/lesgrf1/5e8cfb307cc64aa097f41cca96ee765a.wav,lesgrf1
synthetic_train_audio/lesgrf1/e6b9de172b9745249ca7770d9335c632.wav,lesgrf1
synthetic_train_audio/lesgrf1/0853feaa447242f580fc7fb5995f2b84.wav,lesgrf1
synthetic_train_audio/lesgrf1/9258b5fd94ee4151aa535b027d64b7f7.wav,lesgrf1
synthetic_train_audio/nacnig1/bbc3dd56634046c189aacb9c8b883340.wav,nacnig1
synthetic_train_audio/nacnig1/1454c49de38646c38f9cbafe7fb6ad1f.wav,nacnig1
synthetic_train_audio/nacnig1/08b2e5e8b3814b81a1b6c21fab6149eb.wav,nacnig1
synthetic_train_audio/nacnig1/bec291783ab04f408d7409242e1eeff6.wav,nacnig1
synthetic_train_audio/nacnig1/646102d0beee49408f825cf97856fe69.wav,nacnig1
synthetic_train_audio/nacnig1/955541cc686c46598d797457e54e35de.wav,nacnig1
synthetic_train_audio/nacnig1/4bc6762778a34cf68bfc028c7b40e262.wav,nacnig1
synthetic_train_audio/nacnig1/60549da3a2914e27b0f3b1635e23b48b.wav,nacnig1
synthetic_train_audio/nacnig1/0feab966ea384441916109b376f3ddcd.wav,nacnig1
synthetic_train_audio/nacnig1/6d3cba2872f748fcafd5d03b4e1af02b.wav,nacnig1
synthetic_train_audio/nacnig1/2527a9adf37a4fb5a96ab282c0e382bc.wav,nacnig1
synthetic_train_audio/nacnig1/05be1857f9d642fea9b90913f6f40cea.wav,nacnig1
synthetic_train_audio/nacnig1/1b81066947244f4f9b9a43b54d2eebb6.wav,nacnig1
synthetic_train_audio/nacnig1/d7a762ab27784cf598740a7b4ca9f236.wav,nacnig1
synthetic_train_audio/nacnig1/12767bb88ce54fa6b9da8bf4937709f9.wav,nacnig1
synthetic_train_audio/nacnig1/7135d78503d4493390f79880de257343.wav,nacnig1
synthetic_train_audio/nacnig1/d834f15f5d2848a68fa4d9bf581b0af9.wav,nacnig1
synthetic_train_audio/nacnig1/b8cbe6030df34358a59086b35c27be45.wav,nacnig1
synthetic_train_audio/nacnig1/0120524baf8f40f895b148a0cb253ba1.wav,nacnig1
synthetic_train_audio/nacnig1/eb1423f489cd483ab40eed2687ed53fb.wav,nacnig1
synthetic_train_audio/nacnig1/9acb360b76c444e5b4cbdec9f6d35474.wav,nacnig1
synthetic_train_audio/nacnig1/ac7c281a0f1948a2be458c8ff6ff23f9.wav,nacnig1
synthetic_train_audio/nacnig1/66bd1a9f981441b2abb3bf0f5e8bd205.wav,nacnig1
synthetic_train_audio/nacnig1/f4f82843c9714d889b3999ce10581436.wav,nacnig1
synthetic_train_audio/nacnig1/563361b82f9444b78343beadd367441d.wav,nacnig1
synthetic_train_audio/nacnig1/9b206cde681d46e48e4c514004cf4a26.wav,nacnig1
synthetic_train_audio/nacnig1/bb159a324e80495e8a1be82c4425232a.wav,nacnig1
synthetic_train_audio/nacnig1/8b99e0bcb08b4bdb9d1f520489f72322.wav,nacnig1
synthetic_train_audio/nacnig1/b80a13994e1a4adb93ab3ba9545e7ab6.wav,nacnig1
synthetic_train_audio/nacnig1/3c1ff6fda43d4262858af4593246e70b.wav,nacnig1
synthetic_train_audio/nacnig1/c247d8ec039f4f529802fa3f7dcaad2c.wav,nacnig1
synthetic_train_audio/nacnig1/8b80843552c9497aa8429a562c998832.wav,nacnig1
synthetic_train_audio/nacnig1/21919b1e422e4cce8407c3ab5392389d.wav,nacnig1
synthetic_train_audio/nacnig1/f7757b6e8bb94549b921af9a7f188414.wav,nacnig1
synthetic_train_audio/nacnig1/b7fca304774841818b62529d60ce50a5.wav,nacnig1
synthetic_train_audio/nacnig1/bf3b0a4111864c018bca69603da2989f.wav,nacnig1
synthetic_train_audio/ocecra1/751198b116f9454db48340fe84152343.wav,ocecra1
synthetic_train_audio/ocecra1/984a8df217d64236b18b7e4131077455.wav,ocecra1
synthetic_train_audio/ocecra1/e2fd3107b6f04fbcae9eb93314cc3050.wav,ocecra1
synthetic_train_audio/ocecra1/1a3e966456ed44efa5b7295bffddb722.wav,ocecra1
synthetic_train_audio/ocecra1/b8ccd2db8dcd46a7b76cef2ca82a0934.wav,ocecra1
synthetic_train_audio/ocecra1/ca9dba0ff26847998785540ede06aa87.wav,ocecra1
synthetic_train_audio/ocecra1/715b1811a55a4d37b4d38e7d112b8c75.wav,ocecra1
synthetic_train_audio/ocecra1/95f4ced224314423a6ce994dc1ba6639.wav,ocecra1
synthetic_train_audio/ocecra1/e73d6e033d154ecc94f681ae9de7b88d.wav,ocecra1
synthetic_train_audio/ocecra1/74e3545fd3064854964f79ae2fd4220a.wav,ocecra1
synthetic_train_audio/ocecra1/e1ae0e7c280e42c0bba757a518576fb6.wav,ocecra1
synthetic_train_audio/ocecra1/fe66eaa91bcf45c5b7e0ae493ee07c53.wav,ocecra1
synthetic_train_audio/ocecra1/718da17795424c7d96e911f9f33cb5f4.wav,ocecra1
synthetic_train_audio/ocecra1/74c23bc5bb6a4dc9a5129ef1e1883428.wav,ocecra1
synthetic_train_audio/ocecra1/28df7fb8437d422e84f44edd225de4f9.wav,ocecra1
synthetic_train_audio/ocecra1/1ed47f3b65fc437fa8ccc972f4e3dfb0.wav,ocecra1
synthetic_train_audio/ocecra1/5e871b91e87f4cb080d2df847f205c7c.wav,ocecra1
synthetic_train_audio/ocecra1/a71edcd190b3457f8b2ce0bb05898065.wav,ocecra1
synthetic_train_audio/ocecra1/bd26f7d7ca8b43f3bfbca5caac6275ca.wav,ocecra1
synthetic_train_audio/ocecra1/2fa59e65b4e444d4af37afa795adb60f.wav,ocecra1
synthetic_train_audio/ocecra1/d42bb76795904d8685c3c01c76c803e8.wav,ocecra1
synthetic_train_audio/ocecra1/cce49faec90e4320b891032cc7710f11.wav,ocecra1
synthetic_train_audio/ocecra1/5e981b477d1647c985ac8ce88027bef4.wav,ocecra1
synthetic_train_audio/ocecra1/81483cd341ef46c8913fd04d940b6bc9.wav,ocecra1
synthetic_train_audio/ocecra1/cb9d2088ab8e46ed93f917d29e3f0f2b.wav,ocecra1
synthetic_train_audio/ocecra1/5900353689504fbc9ebd4b6cf9e3135a.wav,ocecra1
synthetic_train_audio/ocecra1/acd72b870b7c4cedb3954feec1c8870e.wav,ocecra1
synthetic_train_audio/ocecra1/47fa611710234d21869ee106808cd368.wav,ocecra1
synthetic_train_audio/ocecra1/9e6e851a6140443986fb8878b36b66dd.wav,ocecra1
synthetic_train_audio/ocecra1/fecab32c513c490eb7ffc7981a6dd8cd.wav,ocecra1
synthetic_train_audio/ocecra1/4edf1c57fa634aac946a09160d3352d5.wav,ocecra1
synthetic_train_audio/ocecra1/fbc061eb3d594c1081c8bda24699e01f.wav,ocecra1
synthetic_train_audio/ocecra1/570eb21e445246c885ff184252f4bcae.wav,ocecra1
synthetic_train_audio/ocecra1/4b227912f156499f93f4d9b71e70945f.wav,ocecra1
synthetic_train_audio/ocecra1/9cad4cdb00ce4456810ae118612a6550.wav,ocecra1
synthetic_train_audio/ocecra1/712b5cfaec654ac39a52eb8db7cbc03e.wav,ocecra1
synthetic_train_audio/ocecra1/f64ca492067e43bd83a3c11a10388011.wav,ocecra1
synthetic_train_audio/ocecra1/f30ef1ef34a14513b39ceb32844b46ba.wav,ocecra1
synthetic_train_audio/platyr1/9269db444d874e6ea7432bdab4fcf95c.wav,platyr1
synthetic_train_audio/platyr1/fdfe0c6a2d074ab3ba5d33fe987bd285.wav,platyr1
synthetic_train_audio/platyr1/5e7a4cfc4b784241a45a71565b615e77.wav,platyr1
synthetic_train_audio/platyr1/b831d6cd68cb411a8cf35ed270ad8fcf.wav,platyr1
synthetic_train_audio/platyr1/5a8c9eca685f444f937650daf343ddf2.wav,platyr1
synthetic_train_audio/platyr1/8233a1840a7e419490eb040397cb1ca4.wav,platyr1
synthetic_train_audio/platyr1/463ce348a13a4131a42d4eb3bc7bf2aa.wav,platyr1
synthetic_train_audio/platyr1/32f887aaee4f47c8a6fbe6b9f888922e.wav,platyr1
synthetic_train_audio/platyr1/c148f755e2ad4822a16d1064bacfdae6.wav,platyr1
synthetic_train_audio/platyr1/dc9d19689c094c568d34067835d31a3c.wav,platyr1
synthetic_train_audio/platyr1/03eec9a74fa942babf07b37913eb99a7.wav,platyr1
synthetic_train_audio/platyr1/dc44c6ff98864cb9b0bb527518b7a9f3.wav,platyr1
synthetic_train_audio/platyr1/70cbe1c717304f1b840a276f8e52967d.wav,platyr1
synthetic_train_audio/platyr1/fd3aa47c9c6c4d938674d096b9da15f6.wav,platyr1
synthetic_train_audio/platyr1/c6c3c088d2c74d97b30e989b9aeb9763.wav,platyr1
synthetic_train_audio/platyr1/2e895a18f7864a59b725d6be15b4d558.wav,platyr1
synthetic_train_audio/platyr1/d828b64abbaf4b28b6843a58154b35af.wav,platyr1
synthetic_train_audio/platyr1/bf9831cc1a9346c7b8891999ef75dff2.wav,platyr1
synthetic_train_audio/platyr1/76a19f1d8b044056815e9942178eba38.wav,platyr1
synthetic_train_audio/platyr1/b51fb3637bea42c3ae7526a5f6622831.wav,platyr1
synthetic_train_audio/platyr1/825a0323d3a744f1963a1259267b918a.wav,platyr1
synthetic_train_audio/rufcac2/3947e67b52344d98aed4033dbae5d7bb.wav,rufcac2
synthetic_train_audio/rufcac2/87e3c8c7b161491d8626e8753075e42e.wav,rufcac2
synthetic_train_audio/rufcac2/3b6cc0ecd56a44d6b90212d36d0f5f4d.wav,rufcac2
synthetic_train_audio/rufcac2/094833ea7f6645bc8e1363cc102f8c0d.wav,rufcac2
synthetic_train_audio/rufcac2/b8a03e83d569486dae60359132af30a4.wav,rufcac2
synthetic_train_audio/rufcac2/21ff2bf24d8e44868f86d7227fe06450.wav,rufcac2
synthetic_train_audio/rufcac2/e6053c381ed94c459f7f51db6febfab1.wav,rufcac2
synthetic_train_audio/rufcac2/1ecd486b4f534c2eb4a692e228f181cb.wav,rufcac2
synthetic_train_audio/rufcac2/0a5441a172c8497e8c6514690615a493.wav,rufcac2
synthetic_train_audio/rufcac2/a8d0f14e7bf64e04aeec85a4543559a8.wav,rufcac2
synthetic_train_audio/rufcac2/6c4b7cebaefe4019b594bd5c07c7435d.wav,rufcac2
synthetic_train_audio/rufcac2/3cc7ffa49a29403685ab5f041bb5faf7.wav,rufcac2
synthetic_train_audio/rufcac2/5fd0b66439354606a91071097e27551f.wav,rufcac2
synthetic_train_audio/rufcac2/1d2b143f86de41f3b8c85fce50e5f0fd.wav,rufcac2
synthetic_train_audio/rufcac2/ae1f86690993411db816701a24fbb705.wav,rufcac2
synthetic_train_audio/rufcac2/67af2c236aa843d6bc8433b9f898caf1.wav,rufcac2
synthetic_train_audio/rufcac2/31665aa06bea4190a1bc67e3d63875b5.wav,rufcac2
synthetic_train_audio/rufcac2/2d1d38946fe748aa99dfcc9354b49b1f.wav,rufcac2
synthetic_train_audio/rufcac2/9b813a222236489baa37f8c705e65da6.wav,rufcac2
synthetic_train_audio/rufcac2/a2d57d24de0a4f08a7adee3b661e605a.wav,rufcac2
synthetic_train_audio/rufcac2/9e12fafacfce4fb388118a32836fcefe.wav,rufcac2
synthetic_train_audio/rufcac2/c9a7e09d2199404a876761aada07038e.wav,rufcac2
synthetic_train_audio/rufcac2/f690f77531f240bbab2d0ed1ee643eb1.wav,rufcac2
synthetic_train_audio/rufcac2/bda464d803264a85b340a80466550db7.wav,rufcac2
synthetic_train_audio/rufcac2/a645f30447be4f53801e53c5dd88e4e3.wav,rufcac2
synthetic_train_audio/rufcac2/d75abc59682941739e9421662f2766c3.wav,rufcac2
synthetic_train_audio/rufcac2/425378c4a9f9497e8e3d4d4459237508.wav,rufcac2
synthetic_train_audio/rufcac2/11a64a19283b42a6859d1de9971c8002.wav,rufcac2
synthetic_train_audio/rufcas2/e78ab545c5b242259418e320ff517089.wav,rufcas2
synthetic_train_audio/rufcas2/dcc2d07985c84094ad07255a3fa79a2f.wav,rufcas2
synthetic_train_audio/rufcas2/345d45ee6f224636abb6378291576ef4.wav,rufcas2
synthetic_train_audio/rufcas2/189d35580a054a19a5e5558631dbd91d.wav,rufcas2
synthetic_train_audio/sptnig1/9761968097a54b8cbb7adb93ca06c2ba.wav,sptnig1
synthetic_train_audio/sptnig1/2dea8579eb2543019a2fa1bb672ec662.wav,sptnig1
synthetic_train_audio/sptnig1/cf7621ee71f8499e8b36b37e84c801f2.wav,sptnig1
synthetic_train_audio/sptnig1/818a43c344e44136b5a910997c99689b.wav,sptnig1
synthetic_train_audio/sptnig1/de52fd89b26f4d4aae78625843a2feae.wav,sptnig1
synthetic_train_audio/sptnig1/0449d19e9484486a9149b66c672b9ae3.wav,sptnig1
synthetic_train_audio/sptnig1/3741f943097446c3b92a9c280cf10312.wav,sptnig1
synthetic_train_audio/sptnig1/d47ac6765a7147e1a9046e8932774c99.wav,sptnig1
synthetic_train_audio/sptnig1/2fe74a1938a14ea3aa9d92d0591431d6.wav,sptnig1
synthetic_train_audio/sptnig1/905ef7cc2efc456cbd38c11d146f09ed.wav,sptnig1
synthetic_train_audio/sptnig1/da5a5f41679f43759221b35682febfd2.wav,sptnig1
synthetic_train_audio/sptnig1/33bbc8b1120c4ad0b8023374f740b5ee.wav,sptnig1
synthetic_train_audio/sptnig1/4e442e7057674e4792d4ab9ff26dffa4.wav,sptnig1
synthetic_train_audio/sptnig1/19709f91352e493b8142c6b26fb44a3e.wav,sptnig1
synthetic_train_audio/sptnig1/f070d2c308724f72b8df9c5048e069db.wav,sptnig1
synthetic_train_audio/sptnig1/aaf4f402e39340e69af00b51ac59fb4a.wav,sptnig1
synthetic_train_audio/sptnig1/4e380a1b90fb48ec8ddcfdb4f227f843.wav,sptnig1
synthetic_train_audio/sptnig1/3917cb5021ac4d50b685761ab84bc343.wav,sptnig1
synthetic_train_audio/sptnig1/a7530e8bd48643be9969c1f16b4bfed4.wav,sptnig1
synthetic_train_audio/sptnig1/821b13d5e73a4c6086ef0c5f52f7a4cf.wav,sptnig1
synthetic_train_audio/sptnig1/073c0d9ed8624dd780e9bd1ca3a6ce53.wav,sptnig1
synthetic_train_audio/sptnig1/2954f883c23245f5ba57d9b26875397b.wav,sptnig1
synthetic_train_audio/sptnig1/1dbe3fcdbe4d4ac6b24d5ac4527b5079.wav,sptnig1
synthetic_train_audio/sptnig1/0e414e186c434426bf06d4e7a6c1e7f5.wav,sptnig1
synthetic_train_audio/sptnig1/9842a39c0e6b4eb2be96ccb903fdf682.wav,sptnig1
synthetic_train_audio/sptnig1/59533d42fcf1477ea85beef3d6bc34d5.wav,sptnig1
synthetic_train_audio/sptnig1/3a2d2180dc9a43a6af35de73db65208f.wav,sptnig1
synthetic_train_audio/sptnig1/05b26ce363494bb29ef25862b950fe4b.wav,sptnig1
synthetic_train_audio/sptnig1/d2789da37a864ef785f4596e6dfcdadd.wav,sptnig1
synthetic_train_audio/sptnig1/abb23dfe487d435e8e4c86b56d3fc86b.wav,sptnig1
synthetic_train_audio/sptnig1/3523233e781b476e9c30672f4e66f7df.wav,sptnig1
synthetic_train_audio/sptnig1/a10d4287efe8489ab8c987d21bfbfcbd.wav,sptnig1
synthetic_train_audio/sptnig1/5dc173a7bd3d47729c07b73b8d9afb0c.wav,sptnig1
synthetic_train_audio/sptnig1/556ee6356af44578b5e53904083c25c2.wav,sptnig1
synthetic_train_audio/sptnig1/a70915b356e2423aaa32d18ad81a4e7a.wav,sptnig1
synthetic_train_audio/sptnig1/10c436ee4db44975b6064d82afb62f09.wav,sptnig1
synthetic_train_audio/sptnig1/daeab104f04946a58b891016d6b656b7.wav,sptnig1
synthetic_train_audio/sptnig1/d2dac7d367194842ae97477d1c6b8fb7.wav,sptnig1
synthetic_train_audio/sptnig1/d3476d9a14fb49779f4b50e6ba36310a.wav,sptnig1
synthetic_train_audio/sptnig1/be26bdae06e74251ad49298070fb1fb0.wav,sptnig1
synthetic_train_audio/sptnig1/f5161b75e99848739ac109a17c81bd61.wav,sptnig1
synthetic_train_audio/sptnig1/802420e352de44ff9b3a328b38108aee.wav,sptnig1
synthetic_train_audio/sptnig1/44c18c12756a4609b18ddf35ea65e7ea.wav,sptnig1
synthetic_train_audio/sptnig1/a8962f2641e04b00b0b0aadc9e81325a.wav,sptnig1
synthetic_train_audio/sptnig1/f94334b300ac490d8f1a64da92ea95e7.wav,sptnig1
synthetic_train_audio/sptnig1/938889a7631a436d993807f9bbe338b5.wav,sptnig1
synthetic_train_audio/sptnig1/2a5daff96228406b8138050a6c1d1b5e.wav,sptnig1
synthetic_train_audio/sptnig1/57e7cea48d50472892692d7051aac5a1.wav,sptnig1
synthetic_train_audio/whlspi1/7c4323c58de84f7e9e3c1a7ab3a04e0e.wav,whlspi1
synthetic_train_audio/whlspi1/94f7aa74482b45428239a1c37397454d.wav,whlspi1
synthetic_train_audio/whlspi1/70b92c589861475481c0e5b147fc23d5.wav,whlspi1
synthetic_train_audio/yebcar/def1bfa1e0514a109cc44d2e2b27badb.wav,yebcar
synthetic_train_audio/yebcar/5b04dd3001c241879477ab86487545dc.wav,yebcar
synthetic_train_audio/yebcar/2bcfa892d55d459b8c62ca3dde88241a.wav,yebcar
synthetic_train_audio/yebcar/956e51bfd2aa4cb1a16c56f89caedd75.wav,yebcar
synthetic_train_audio/yebcar/775b7fd5d6fe4bba92824ef1dc99ddaa.wav,yebcar
synthetic_train_audio/yebcar/7811037e158d4ae1b6b4c43dfcb315e0.wav,yebcar
synthetic_train_audio/yebcar/9b89a22f6c1043b488f525d96f5b4996.wav,yebcar
synthetic_train_audio/yebcar/28f3559a842a4e2ead0582b78b0cec20.wav,yebcar
synthetic_train_audio/yebcar/670cfb6bc791435f9cb4df1113802f4c.wav,yebcar
synthetic_train_audio/yebcar/764af9cdb6264839ab0bcc81a7edb2f0.wav,yebcar
synthetic_train_audio/yebcar/4caf9fe540f847eaa61bf80c63b002d3.wav,yebcar
synthetic_train_audio/yebcar/2ebdf89ac99b47c9ba84fd037c22d560.wav,yebcar
synthetic_train_audio/yebcar/bcfcc9dc9c564775b17b7d1f47d36cd0.wav,yebcar
synthetic_train_audio/yebcar/f8559e8a87c14a4995f73075e4cc3020.wav,yebcar
synthetic_train_audio/yebcar/18b0ebcdd218447eb49f4e6a6d365b2b.wav,yebcar
synthetic_train_audio/yebcar/a7a82026052f4e888aa1bdf5a9e008f8.wav,yebcar
synthetic_train_audio/yebcar/a66bee4c43684dadad1b5dc36c9d3e63.wav,yebcar
synthetic_train_audio/yebcar/33111ba63b93468eac9b646f7c67edfd.wav,yebcar
synthetic_train_audio/yebcar/ee9f0b67afcc4310b8f7794ee4523098.wav,yebcar
synthetic_train_audio/yebcar/33ee6c13ca484b43ba389b08cecfc5a4.wav,yebcar
synthetic_train_audio/yebcar/f90c0125c5d54148b1cdf6cd55308b22.wav,yebcar
synthetic_train_audio/yebcar/d2b51bab5faa49d2bfc878968546eef6.wav,yebcar
synthetic_train_audio/yebcar/612c939dab374926b00c2c2a0ab43227.wav,yebcar
synthetic_train_audio/yebcar/c5e5382dc8334b3c942dfa04b6f47dc4.wav,yebcar
synthetic_train_audio/yebcar/9934641b32114db4afeb242d52d617f3.wav,yebcar
synthetic_train_audio/yebcar/42ebc943b6d340b991d5ac6bc73e7e02.wav,yebcar
synthetic_train_audio/yebcar/50263483174245e2aee0b784c26b6974.wav,yebcar
synthetic_train_audio/yebcar/5d69f1cd81a241a18618251a01bf2a42.wav,yebcar
synthetic_train_audio/yecmac/b0797700358d498395e1f67526faf5a5.wav,yecmac
synthetic_train_audio/yecmac/e5b7e9cad0814f1c8db0b7dcda793775.wav,yecmac
synthetic_train_audio/yecmac/f31530beb2eb4d26ab1c7aa63a8632c6.wav,yecmac
synthetic_train_audio/yecmac/19fc101f212e417295136c7932b3ddca.wav,yecmac
synthetic_train_audio/yecmac/a1cc4e557403407dba6c613bf19986df.wav,yecmac
synthetic_train_audio/yecmac/cbe94b6abf9a4e2185bca70d177509da.wav,yecmac
synthetic_train_audio/yecmac/d0db4d78e9af4f2bb747cbe455150fe4.wav,yecmac
synthetic_train_audio/yecmac/bed7844573ed4483af1ca5c1c4811f71.wav,yecmac
synthetic_train_audio/yecmac/c8b6b90869804b46a3fd429a902c0487.wav,yecmac
synthetic_train_audio/yecmac/9a0595043f0442a695fbb1d6d1caec2f.wav,yecmac
synthetic_train_audio/yecmac/356e3329c896405a97d3ea953a80f0b7.wav,yecmac
synthetic_train_audio/yecmac/46245ba109384663bedc9b2ad7f75d0e.wav,yecmac
synthetic_train_audio/yecmac/7dd2d19b2d694419a9c6b8e3a64cc181.wav,yecmac
